Fr	a	b	phi
10	0.9	4	0.22694303617852
15	1.6	4	0.411516846067488
40	3.3	4	0.970202199928846
60	3.8	4	1.25323589750338
100	3.6	4	1.11976951499863
65	4	4	1.5707963267949
200	2.4	4	0.643501108793284
400	1.3	4	0.331011728089294
1000	0.4	4	0.10016742116156
